source_row,date,weekday,3A_winner,3A_battle_count,3A_banquet,3B_winner,3B_battle_count,3B_banquet,2A_winner,2A_battle_count,2A_unified,2A_banquet,2B_winner,2B_battle_count,2B_unified,2B_banquet,2C_winner,2C_battle_count,2C_unified,2C_banquet,1A_winner,1A_battle_count,1A_unified,1A_banquet,1B_winner,1B_battle_count,1B_unified,1B_banquet,1C_winner,1C_battle_count,1C_unified,1C_banquet,1D_winner,1D_battle_count,1D_unified,1D_banquet,1E_winner,1E_battle_count,1E_unified,1E_banquet,siege_calpheon_winner,siege_calpheon_attacker1,siege_calpheon_attacker2,siege_valencia_winner,siege_valencia_attacker1,siege_valencia_attacker2
7,2025-08-19,火,,,,,,,,,,,,,,,,,,,,,,,,,,,,,,,,,,,,,,,,,,,,
8,2025-08-20,水,,,,,,,,,,,,,,,,,,,,,,,,,,,,,,,,,,,,,,,,,,,,
9,2025-08-21,木,RaиkSS,4,宴会,,,,AlmaVivaJP,4,-,-,PONYTAIL,5,-,-,TheUniverse,2,-,-,C0BRA,5,統一,宴会,Anino,2,-,-,SkyCastle,3,-,-,TipsyTavern,3,-,-,UnityJP,3,-,-,,,,,,
10,2025-08-22,金,PONYTAIL,5,-,,,,MystSA,2,-,-,Anino,3,-,-,,,,,ひよこ座流星群,5,-,-,REGENCY彡,3,-,-,Kopitiam,3,-,-,Maverickz,3,-,-,ーArchー,3,-,宴会,,,,,,
11,2025-08-23,土,,,,,,,,,,,,,,,,,,,,,,,,,,,,,,,,,,,,,,,PONYTAIL,MystSA,AlmaVivaJP,RaиkSS,Anino,TheUniverse
12,2025-08-24,日,MystSA,,-,,,,氣噗噗讓玻璃心碎一地,,-,-,AlmaVivaJP,,-,-,,,,,一DEFlANCE,,統一,-,シェイド,,統一,-,PokemonGo,,-,宴会,UnityJP,,-,-,ーArchー,,-,-,,,,,,
13,2025-08-25,月,TRAITORs,,-,ーリベリオンー,,-,PokemonGo,,-,宴会,VainqueurJP,,-,-,殺戮THM,,-,-,Restart,,-,-,一惡人谷一,,統一,宴会,DoraemonSA,,-,-,シェイド,,-,宴会,SkyCastle,,-,-,,,,,,
14,2025-08-26,火,,,,,,,,,,,,,,,,,,,,,,,,,,,,,,,,,,,,,,,,,,,,
15,2025-08-27,水,,,,,,,,,,,,,,,,,,,,,,,,,,,,,,,,,,,,,,,,,,,,
16,2025-08-28,木,MystSA,,-,,,,黒の太陽,,-,-,桜吹雪,,-,宴会,TheUniverse,,-,-,Revenant,,-,-,xAEGISx,,統一,-,SkyCastle,,-,宴会,LeLien,,-,-,海尼根飲酒俱樂部,,-,宴会,,,,,,
17,2025-08-29,金,LeLien,,宴会,,,,MÏRÃGË,,統一,-,沙漠黑鷹,,-,-,,,,,TheEnd,,-,宴会,シェイド,,-,-,M三OW,,統一,-,Maverickz,,統一,-,一DEFlANCE,,統一,-,,,,,,
18,2025-08-30,土,,,,,,,,,,,,,,,,,,,,,,,,,,,,,,,,,,,,,,,AlmaVivaJP,,,TRAITORs,,
19,2025-08-31,日,ーリベリオンー,,宴会,,,,氣噗噗讓玻璃心碎一地,,-,宴会,PONYTAIL,,-,-,,,,,SkyCastle,,-,宴会,PhoenixJP,,-,-,オアシスステップ,,-,-,ouтcasт,,統一,-,ーArchー,,統一,-,,,,,,
20,2025-09-01,月,廣寒宮,,宴会,LeLien,,宴会,氣噗噗讓玻璃心碎一地,,-,-,VainqueurJP,,-,-,RaиkSS,,-,-,Relax,,-,-,花落微雨醉紅塵,,-,-,xAEGISx,,-,-,シェイド,,-,-,Bagaиі,,統一,宴会,,,,,,
21,2025-09-02,火,,,,,,,,,,,,,,,,,,,,,,,,,,,,,,,,,,,,,,,,,,,,
22,2025-09-03,水,,,,,,,,,,,,,,,,,,,,,,,,,,,,,,,,,,,,,,,,,,,,
23,2025-09-04,木,MystSA,,-,,,,xAEGISx,,統一,宴会,雪狼族,,-,-,PhoenixJP,,-,-,βυsнỉȉdo家族,,統一,-,一惡人谷一,,-,宴会,ねこ,,統一,-,SkyCastle,,-,宴会,Maverickz,,-,-,,,,,,
24,2025-09-05,金,LeLien,,-,,,,Döraêmön,,-,宴会,・殺戮・,,-,-,,,,,TheEnd,,統一,-,オアシスステップ,,-,宴会,ーEspoirー,,-,宴会,RëBîrth,,-,-,一DEFlANCE,,-,-,,,,,,
25,2025-09-06,土,,,,,,,,,,,,,,,,,,,,,,,,,,,,,,,,,,,,,,,,,,,,
26,2025-09-07,日,xAEGISx,,-,,,,PokemonGo,,-,-,RaиkSS,,-,宴会,,,,,亗Luxúria亗,,統一,-,PhoenixJP,,統一,-,オアシスステップ,,統一,-,Restart,,-,-,UnityJP,,-,宴会,,,,,,
27,2025-09-08,月,雪狼族,,宴会,PhoenixJP,,-,氣噗噗讓玻璃心碎一地,,-,宴会,AlmaVivaJP,,-,-,Maverickz,,-,-,Relax,,-,-,花落微雨醉紅塵,,統一,-,天機,,-,宴会,シェイド,,-,宴会,ーArchー,,-,-,,,,,,
28,2025-09-09,火,,,,,,,,,,,,,,,,,,,,,,,,,,,,,,,,,,,,,,,,,,,,
29,2025-09-10,水,,,,,,,,,,,,,,,,,,,,,,,,,,,,,,,,,,,,,,,,,,,,
30,2025-09-11,木,MystSA,,宴会,,,,ー麒麟ー,,-,-,・殺戮・,,-,-,Иouver,,-,宴会,亗Luxúria亗,,-,宴会,Anino,,統一,-,沙漠黑鷹,,-,-,,,-,-,シェイド,,-,-,,,,,,
31,2025-09-12,金,ーリベリオンー,,宴会,,,,VainqueurJP,,-,-,SkyCastle,,-,-,,,,,桜吹雪,,-,-,黒の太陽,,-,-,Kopitiam,,統一,-,RëBîrth,,統一,宴会,一DEFlANCE,,統一,宴会,,,,,,
32,2025-09-13,土,,,,,,,,,,,,,,,,,,,,,,,,,,,,,,,,,,,,,,,,,,,,
33,2025-09-14,日,沙漠黑鷹,,宴会,,,,PokemonGo,,-,宴会,RaиkSS,,-,-,,,,,βυsнỉȉdo家族,,統一,-,ーArchー,,統一,-,Anino,,-,宴会,磯野家,,-,-,MÏRÃGË,,-,-,,,,,,
34,2025-09-15,月,・殺戮・,,宴会,LeLien,,,PONYTAIL,,-,宴会,ーArchー,,-,-,Maverickz,,統一,-,ZirconiA,,-,-,TheUniverse,,-,-,xAEGISx,,統一,宴会,一惡人谷一,,-,宴会,彡MukBANG彡,,統一,-,,,,,,
35,2025-09-16,火,,,,,,,,,,,,,,,,,,,,,,,,,,,,,,,,,,,,,,,,,,,,
36,2025-09-17,水,,,,,,,,,,,,,,,,,,,,,,,,,,,,,,,,,,,,,,,,,,,,
37,2025-09-18,木,PONYTAIL,,-,,,,ー麒麟ー,,-,-,桜吹雪,,-,-,雪狼族,,-,-,亗Luxúria亗,,-,-,心晴,,-,-,TheUniverse,,-,宴会,TipsyTavern,,統一,-,Döraêmön,,統一,宴会,,,,,,
38,2025-09-19,金,PhoenixJP,,-,,,,VainqueurJP,,-,-,RaиkSS,,-,宴会,,,,,TheEnd,,統一,宴会,黒の太陽,,-,-,Kopitiam,,-,-,RëBîrth,,-,-,一DEFlANCE,,-,-,,,,,,
39,2025-09-20,土,,,,,,,,,,,,,,,,,,,,,,,,,,,,,,,,,,,,,,,,,,,,
40,2025-09-21,日,・殺戮・,,宴会,,,,MystSA,,-,宴会,ZirconiA,,-,-,,,,,βυsнỉȉdo家族,,統一,-,シェイド,,統一,-,Anino,,-,宴会,義勇,,-,-,,,-,-,,,,,,
41,2025-09-22,月,雪狼族,,,VainqueurJP,,,氣噗噗讓玻璃心碎一地,,,,ーArchー,,,,TheEnd,,,,Revenant,,,,SkyCastle,,,,xAEGISx,,,,一惡人谷一,,,,Restart,,,,,,,,,
42,2025-09-23,火,,,,,,,,,,,,,,,,,,,,,,,,,,,,,,,,,,,,,,,,,,,,
43,2025-09-24,水,,,,,,,,,,,,,,,,,,,,,,,,,,,,,,,,,,,,,,,,,,,,
44,2025-09-25,木,PhoenixJP,,,,,,LeLien,,,,Restart,,,,Maverickz,,,,亗Luxúria亗,,,,雲淡風輕o,,,,MelonEmpire,,,,沙漠黑鷹,,,,FLORISTS,,,,,,,,,
45,2025-09-26,金,ーリベリオンー,,,,,,Maverickz,,,,,,,,,,,,磯野家,,,,オアシスステップ,,,,SkyCastle,,,,,,,,一DEFlANCE,,,,,,,,,
46,2025-09-27,土,,,,,,,,,,,,,,,,,,,,,,,,,,,,,,,,,,,,,,,,,,,,
47,2025-09-28,日,沙漠黑鷹,,,,,,Etërnîty,,,,TheUniverse,,,,,,,,βυsнỉȉdo家族,,,,シェイド,,,,Anino,,,,義勇,,,,ーEspoirー,,,,,,,,,
48,2025-09-29,月,PONYTAIL,,,VainqueurJP,,,氣噗噗讓玻璃心碎一地,,,,PhoenixJP,,,,RaиkSS,,,,Pandora,,,,MukBANG,,,,xAEGISx,,,,一惡人谷一,,,,RëBîrth,,,,,,,,,
49,2025-09-30,火,,,,,,,,,,,,,,,,,,,,,,,,,,,,,,,,,,,,,,,,,,,,
50,2025-10-01,水,,,,,,,,,,,,,,,,,,,,,,,,,,,,,,,,,,,,,,,,,,,,
51,2025-10-02,木,RaиkSS,,,,,,シェイド,,,,UprisE,,,,雪狼族,,,,亗Luxúria亗,,,,オアシスステップ,,,,Anino,,,,SERENITY,,,,,,,,,,,,,
52,2025-10-03,金,シェイド,,,,,,MystSA,,,,・殺戮・,,,,,,,,義勇,,,,毛家村,,,,ZirconiA,,,,ーArchー,,,,Restart,,,,,,,,,
53,2025-10-04,土,,,,,,,,,,,,,,,,,,,,,,,,,,,,,,,,,,,,,,,,,,,,
54,2025-10-05,日,沙漠黑鷹,,,,,,Etërnîty,,,,Döraêmön,,,,,,,,βυsнỉȉdo家族,,,,xAEGISx,,,,Astrklotho,,,,TheEnd,,,,Revenant,,,,,,,,,
55,2025-10-06,月,PONYTAIL,,宴会,VainqueurJP,,,氣噗噗讓玻璃心碎一地,,,宴会,AlmaVivaJP,,-,-,・殺戮・,,-,-,TheUniverse,,-,宴会,SkyCastle,,-,-,MÏRÃGË,,統一,-,ー麒麟ー,,統一,宴会,ーEspoirー,,統一,-,,,,,,
56,2025-10-07,火,,,,,,,,,,,,,,,,,,,,,,,,,,,,,,,,,,,,,,,,,,,,
57,2025-10-08,水,,,,,,,,,,,,,,,,,,,,,,,,,,,,,,,,,,,,,,,,,,,,
58,2025-10-09,木,PONYTAIL,,-,,,,xAEGISx,,-,-,UprisE,,統一,-,雪狼族,,-,宴会,亗Luxúria亗,,統一,-,雲淡風輕o,,-,-,ーArchー,,-,宴会,一DEFlANCE,,統一,-,SkyCastle,,-,宴会,,,,,,
59,2025-10-10,金,ーリベリオンー,,-,,,,MystSA,,-,-,・殺戮・,,-,宴会,,,,,TheEnd,,統一,-,ーArchー,,-,-,一惡人谷一,,-,-,RëBîrth,,-,-,Restart,,-,-,,,,,,
60,2025-10-11,土,,,,,,,,,,,,,,,,,,,,,,,,,,,,,,,,,,,,,,,,,,,,
61,2025-10-12,日,毛家村,,-,,,,Anino,,-,-,PokemonGo,,-,-,,,,,βυsнỉȉdo家族,,統一,-,ーEspoirー,,-,-,オアシスステップ,,-,-,RaиkSS,,-,宴会,UnityJP,,-,-,,,,,,
62,2025-10-13,月,PONYTAIL,,-,VainqueurJP,,,氣噗噗讓玻璃心碎一地,,統一,-,RaиkSS,,-,-,海洋之心,,-,-,PARMESAN,,統一,-,彡MukBANG彡,,統一,-,LeLien,,-,宴会,ーArchー,,-,-,Restart,,-,-,,,,,,
63,2025-10-14,火,,,,,,,,,,,,,,,,,,,,,,,,,,,,,,,,,,,,,,,,,,,,
64,2025-10-15,水,,,,,,,,,,,,,,,,,,,,,,,,,,,,,,,,,,,,,,,,,,,,
65,2025-10-16,木,RaиkSS,,宴会,,,,ー麒麟ー,,-,-,義勇,,-,宴会,MystSA,,-,-,亗Luxúria亗,,-,-,雲淡風輕o,,-,宴会,kaioken,,統一,-,ーEspoirー,,-,宴会,MÏRÃGË,,統一,-,,,,,,
66,2025-10-17,金,LeLien,,宴会,,,,東京熱株式會社,,-,宴会,・殺戮・,,-,-,,,,,,,-,-,Etërnîty,,-,宴会,一惡人谷一,,統一,-,TheUniverse,,-,-,桜吹雪,,統一,-,,,,,,
67,2025-10-18,土,,,,,,,,,,,,,,,,,,,,,,,,,,,,,,,,,,,,,,,,,,,,
68,2025-10-19,日,沙漠黑鷹,,-,,,,Anino,,-,宴会,PokemonGo,,-,-,,,,,βυsнỉȉdo家族,,-,宴会,シェイド,,-,-,Relax,,-,宴会,柿一門,,-,-,Döraêmön,,統一,-,,,,,,
69,2025-10-20,月,PONYTAIL,,宴会,VainqueurJP,,-,氣噗噗讓玻璃心碎一地,,-,-,・殺戮・,,-,宴会,雪狼族,,-,-,Revenant,,-,-,彡MukBANG彡,,-,宴会,Demise,,統一,-,シェイド,,統一,-,Restart,,-,宴会,,,,,,
70,2025-10-21,火,,,,,,,,,,,,,,,,,,,,,,,,,,,,,,,,,,,,,,,,,,,,
71,2025-10-22,水,,,,,,,,,,,,,,,,,,,,,,,,,,,,,,,,,,,,,,,,,,,,
72,2025-10-23,木,RaиkSS,,-,,,,FLORISTS,,-,宴会,義勇,,-,-,MystSA,,統一,-,亗Luxúria亗,,-,宴会,雲淡風輕o,,統一,-,Maverickz,,-,-,ーEspoirー,,統一,-,ーArchー,,-,-,,,,,,
73,2025-10-24,金,FLORISTS,,-,,,,東京熱株式會社,,-,-,毛家村,,-,-,,,,,月下の集い,,-,-,オアシスステップ,,統一,-,一惡人谷一,,-,宴会,TheUniverse,,統一,-,ーEspoirー,,-,宴会,,,,,,
74,2025-10-25,土,,,,,,,,,,,,,,,,,,,,,,,,,,,,,,,,,,,,,,,,,,,,
75,2025-10-26,日,沙漠黑鷹,,宴会,,,,PhoenixJP,,-,-,PokemonGo,,-,宴会,,,,,βυsнỉȉdo家族,,-,-,Astrklotho,,-,-,オアシスステップ,,-,-,海尼根飲酒俱樂部,,統一,-,UnityJP,,-,宴会,,,,,,
76,2025-10-27,月,PONYTAIL,,-,VainqueurJP,,宴会,氣噗噗讓玻璃心碎一地,,-,宴会,・殺戮・,,-,-,Maverickz,,,,Pandora,,-,宴会,SkyCastle,,-,-,Anino,,-,-,ーArchー,,-,宴会,Иouver,,統一,-,,,,,,
77,2025-10-28,火,,,,,,,,,,,,,,,,,,,,,,,,,,,,,,,,,,,,,,,,,,,,
78,2025-10-29,水,,,,,,,,,,,,,,,,,,,,,,,,,,,,,,,,,,,,,,,,,,,,
79,2025-10-30,木,RaиkSS,,宴会,,,,雪狼族,,-,-,ZirconiA,,-,-,MystSA,,,,亗Luxúria亗,,-,-,雲淡風輕o,,-,-,Döraêmön,,統一,-,ーEspoirー,,-,-,天機,,-,-,,,,,,
80,2025-10-31,金,ーリベリオンー,,-,,,,PhoenixJP,,-,-,毛家村,,統一,宴会,,,,,TheEnd,,統一,-,オアシスステップ,,-,-,一惡人谷一,,-,-,TheUniverse,,-,宴会,Иouver,,-,-,,,,,,
81,2025-11-01,土,,,,,,,,,,,,,,,,,,,,,,,,,,,,,,,,,,,,,,,,,,,,
82,2025-11-02,日,・殺戮・,,-,,,,AlmaVivaJP,,-,-,TRAITORs,,-,-,,,,,彡MukBANG彡,,統一,-,ーEspoirー,,統一,宴会,Anino,,統一,-,磯野家,,-,宴会,UnityJP,,-,-,,,,,,
83,2025-11-03,月,沙漠黑鷹,,-,VainqueurJP,,,氣噗噗讓玻璃心碎一地,,-,-,Döraêmön,,統一,-,Maverickz,,-,-,桜吹雪,,-,-,SkyCastle,,統一,-,UnityJP,,-,宴会,ーArchー,,-,-,xAEGISx,,-,-,,,,,,
84,2025-11-04,火,,,,,,,,,,,,,,,,,,,,,,,,,,,,,,,,,,,,,,,,,,,,
85,2025-11-05,水,,,,,,,,,,,,,,,,,,,,,,,,,,,,,,,,,,,,,,,,,,,,
86,2025-11-06,木,・殺戮・,,-,,,,シェイド,,-,-,桜吹雪,,-,宴会,MystSA,,-,宴会,Restart,,-,-,MÏRÃGË,,統一,-,SkyCastle,,-,-,ーEspoirー,,-,宴会,ーArchー,,-,宴会,,,,,,
87,2025-11-07,金,LeLien,,宴会,,,,PhoenixJP,,-,宴会,雪狼族,,-,-,,,,,ひよこりあ,,-,宴会,オアシスステップ,,-,宴会,一惡人谷一,,統一,-,TheUniverse,,統一,-,亗Luxúria亗,,統一,-,,,,,,
88,2025-11-08,土,,,,,,,,,,,,,,,,,,,,,,,,,,,,,,,,,,,,,,,,,,,,
89,2025-11-09,日,沙漠黑鷹,,宴会,,,,AlmaVivaJP,,-,-,PONYTAIL,,-,-,,,,,βυsнỉȉdo家族,,-,-,Astrklotho,,-,-,TheUniverse,,-,宴会,義勇,,統一,-,Revenant,,統一,-,,,,,,
90,2025-11-10,月,RaиkSS,,宴会,雪狼族,,,AlmaVivaJP,,-,-,ーリベリオンー,,-,宴会,Maverickz,,-,-,Pandora,,-,-,SkyCastle,,-,宴会,UnityJP,,統一,-,ひよこりあ,,統一,-,xAEGISx,,-,宴会,,,,,,
91,2025-11-11,火,,,,,,,,,,,,,,,,,,,,,,,,,,,,,,,,,,,,,,,,,,,,
92,2025-11-12,水,,,,,,,,,,,,,,,,,,,,,,,,,,,,,,,,,,,,,,,,,,,,
93,2025-11-13,木,毛家村,,-,,,,PhoenixJP,,-,宴会,柿一門,,-,-,MystSA,,,,Restart,,-,-,雲淡風輕o,,-,宴会,彡MukBANG彡,,-,-,ーEspoirー,,統一,-,亗Luxúria亗,,統一,-,,,,,,
94,2025-11-14,金,殺戮THM,,-,,,,Döraêmön,,統一,-,TheUniverse,,-,-,,,,,黒の太陽,,-,-,オアシスステップ,,統一,-,一惡人谷一,,-,宴会,ーArchー,,-,-,,,-,宴会,,,,,,
95,2025-11-15,土,,,,,,,,,,,,,,,,,,,,,,,,,,,,,,,,,,,,,,,,,,,,
96,2025-11-16,日,沙漠黑鷹,,-,,,,氣噗噗讓玻璃心碎一地,,-,宴会,TRAITORs,,-,-,,,,,βυsнỉȉdo家族,,統一,宴会,Astrklotho,,-,-,SkyCastle,,統一,-,義勇,,-,-,MÏRÃGË,,-,-,,,,,,
97,2025-11-17,月,PokemonGo,,-,雪狼族,,,AlmaVivaJP,,-,宴会,ーリベリオンー,,-,-,Maverickz,,-,-,Revenant,,-,宴会,Restart,,-,-,UnityJP,,-,-,LeLien,,-,-,xAEGISx,,統一,-,,,,,,
98,2025-11-18,火,,,,,,,,,,,,,,,,,,,,,,,,,,,,,,,,,,,,,,,,,,,,
99,2025-11-19,水,,,,,,,,,,,,,,,,,,,,,,,,,,,,,,,,,,,,,,,,,,,,
100,2025-11-20,木,PONYTAIL,,宴会,,,,Anino,,統一,-,黒の太陽,,-,-,MystSA,,-,-,C0BRA,,統一,宴会,xAEGISx,,-,-,彡MukBANG彡,,統一,-,ーEspoirー,,-,-,Astrklotho,,-,-,,,,,,
101,2025-11-21,金,・殺戮・,,宴会,,,,PhoenixJP,,-,-,xAEGISx,,-,宴会,,,,,Sangsaka,,統一,-,ーEspoirー,,-,-,一惡人谷一,,-,-,ーArchー,,-,宴会,亗Luxúria亗,,-,-,,,,,,
102,2025-11-22,土,,,,,,,,,,,,,,,,,,,,,,,,,,,,,,,,,,,,,,,,,,,,
103,2025-11-23,日,沙漠黑鷹,,-,,,,氣噗噗讓玻璃心碎一地,,-,-,TRAITORs,,-,宴会,,,,,βυsнỉȉdo家族,,-,-,ーEspoirー,,統一,宴会,SkyCastle,,-,-,義勇,,統一,宴会,磯野家,,統一,宴会,,,,,,
104,2025-11-24,月,RaиkSS,,宴会,雪狼族,,-,AlmaVivaJP,,-,-,PhoenixJP,,-,宴会,Maverickz,,統一,-,Revenant,,-,-,SkyCastle,,統一,-,UnityJP,,-,宴会,LeLien,,-,宴会,亗Luxúria亗,,-,-,,,,,,
105,2025-11-25,火,,,,,,,,,,,,,,,,,,,,,,,,,,,,,,,,,,,,,,,,,,,,
106,2025-11-26,水,,,,,,,,,,,,,,,,,,,,,,,,,,,,,,,,,,,,,,,,,,,,
107,2025-11-27,木,Maverickz,,-,,,,TRAITORs,,-,-,黒の太陽,,-,-,VainqueurJP,,-,宴会,Restart,,-,-,雲淡風輕o,,統一,-,彡MukBANG彡,,-,-,SkyCastle,,-,宴会,Döraêmön,,統一,宴会,,,,,,
108,2025-11-28,金,・殺戮・,,-,,,,Döraêmön,,-,宴会,xAEGISx,,-,-,,,,,Pandora,,-,-,ーEspoirー,,-,-,一惡人谷一,,統一,-,ーArchー,,統一,-,Anino,,統一,-,,,,,,
109,2025-11-29,土,,,,,,,,,,,,,,,,,,,,,,,,,,,,,,,,,,,,,,,,,,,,
110,2025-11-30,日,沙漠黑鷹,,宴会,,,,氣噗噗讓玻璃心碎一地,,-,-,TRAITORs,,-,-,,,,,βυsнỉȉdo家族,,統一,-,ーリベリオンー,,-,-,オアシスステップ,,-,宴会,桜吹雪,,-,-,UnityJP,,-,-,,,,,,
111,2025-12-01,月,RaиkSS,,-,雪狼族,,宴会,PokemonGo,,-,-,UnityJP,,-,-,Döraêmön,,-,宴会,Revenant,,統一,-,ーEspoirー,,-,宴会,RëBîrth,,-,-,ー麒麟ー,,統一,-,GALAKSI,,統一,宴会,,,,,,
112,2025-12-02,火,,,,,,,,,,,,,,,,,,,,,,,,,,,,,,,,,,,,,,,,,,,,
113,2025-12-03,水,,,,,,,,,,,,,,,,,,,,,,,,,,,,,,,,,,,,,,,,,,,,
114,2025-12-04,木,RaиkSS,,宴会,,,,義勇,,-,-,桜吹雪,,-,宴会,VainqueurJP,,,,Restart,,-,-,放置無言出入自由,,-,-,亗Luxúria亗,,統一,宴会,SkyCastle,,-,-,ーEspoirー,,-,-,,,,,,
115,2025-12-05,金,・殺戮・,,-,,,,MystSA,,-,-,TheUniverse,,-,-,,,,,黄昏のえりしおん,,-,-,オアシスステップ,,統一,宴会,一惡人谷一,,-,-,Maverickz,,-,-,ZirconiA,,-,宴会,,,,,,
116,2025-12-06,土,,,,,,,,,,,,,,,,,,,,,,,,,,,,,,,,,,,,,,,,,,,,
117,2025-12-07,日,沙漠黑鷹,,-,,,,氣噗噗讓玻璃心碎一地,,統一,-,PONYTAIL,,-,-,,,,,SkyCastle,,-,宴会,ーリベリオンー,,-,-,オアシスステップ,,統一,-,黒の太陽,,-,-,ーEspoirー,,-,-,,,,,,
118,2025-12-08,月,VainqueurJP,,-,雪狼族,,-,MystSA,,-,宴会,UnityJP,,-,-,TheUniverse,,-,-,Revenant,,-,宴会,彡MukBANG彡,,統一,-,LeLien,,-,-,シェイド,,-,-,SERENITY,,-,-,,,,,,
119,2025-12-09,火,,,,,,,,,,,,,,,,,,,,,,,,,,,,,,,,,,,,,,,,,,,,
120,2025-12-10,水,,,,,,,,,,,,,,,,,,,,,,,,,,,,,,,,,,,,,,,,,,,,
121,2025-12-11,木,VainqueurJP,,-,,,,義勇,,-,宴会,ひよこりあ,,-,-,UnityJP,,-,-,Restart,,-,-,Etërnîty,,統一,宴会,βυsнỉȉdo家族,,-,-,ーEspoirー,,-,-,Döraêmön,,-,-,,,,,,
122,2025-12-12,金,・殺戮・,,宴会,,,,UnityJP,,-,-,FLORISTS,,-,宴会,,,,,黄昏のえりしおん,,-,-,オアシスステップ,,-,-,一惡人谷一,,統一,宴会,Maverickz,,統一,-,亗Luxúria亗,,統一,-,,,,,,
123,2025-12-13,土,,,,,,,,,,,,,,,,,,,,,,,,,,,,,,,,,,,,,,,,,,,,
124,2025-12-14,日,沙漠黑鷹,,宴会,,,,氣噗噗讓玻璃心碎一地,,-,-,PONYTAIL,,統一,-,,,,,SkyCastle,,-,-,ーリベリオンー,,-,宴会,ーEspoirー,,-,-,LeLien,,統一,宴会,RëBîrth,,統一,宴会,,,,,,
125,2025-12-15,月,RaиkSS,,宴会,雪狼族,,宴会,MystSA,,-,-,PhoenixJP,,-,-,TheUniverse,,-,-,Revenant,,-,-,彡MukBANG彡,,-,宴会,Döraêmön,,統一,宴会,ー麒麟ー,,-,宴会,C0BRA,,統一,-,,,,,,
126,2025-12-16,火,,,,,,,,,,,,,,,,,,,,,,,,,,,,,,,,,,,,,,,,,,,,
127,2025-12-17,水,,,,,,,,,,,,,,,,,,,,,,,,,,,,,,,,,,,,,,,,,,,,
128,2025-12-18,木,VainqueurJP,,-,,,,ーリベリオンー,,-,-,ZirconiA,,統一,-,温柔郷,,,,Restart,,-,宴会,黒の太陽,,-,-,βυsнỉȉdo家族,,-,-,Иouver,,統一,-,ーArchー,,-,宴会,,,,,,
129,2025-12-19,金,・殺戮・,,-,,,,MystSA,,-,宴会,TheUniverse,,-,-,,,,,黄昏のえりしおん,,統一,-,オアシスステップ,,-,-,一惡人谷一,,-,-,ーArchー,,-,宴会,亗Luxúria亗,,-,-,,,,,,
130,2025-12-20,土,,,,,,,,,,,,,,,,,,,,,,,,,,,,,,,,,,,,,,,,,,,,
131,2025-12-21,日,沙漠黑鷹,,-,,,,氣噗噗讓玻璃心碎一地,,-,-,AlmaVivaJP,,-,宴会,,,,,SkyCastle,,統一,-,Restart,,統一,-,オアシスステップ,,-,宴会,LeLien,,-,-,黄昏のえりしおん,,-,-,,,,,,
132,2025-12-22,月,RaиkSS,,-,雪狼族,,-,PokemonGo,,統一,-,ーリベリオンー,,-,宴会,TheUniverse,,-,宴会,RëBîrth,,統一,-,彡MukBANG彡,,-,-,LeLien,,-,-,シェイド,,統一,-,Bagaиі,,-,宴会,,,,,,
133,2025-12-23,火,,,,,,,,,,,,,,,,,,,,,,,,,,,,,,,,,,,,,,,,,,,,
134,2025-12-24,水,,,,,,,,,,,,,,,,,,,,,,,,,,,,,,,,,,,,,,,,,,,,
135,2025-12-25,木,RaиkSS,,宴会,,,,ーリベリオンー,,-,-,Restart,,-,-,微笑Party,,-,-,Revenant,,-,-,xAEGISx,,-,宴会,βυsнỉȉdo家族,,統一,-,ーEspoirー,,-,宴会,PhoenixJP,,-,-,,,,,,
136,2025-12-26,金,・殺戮・,,宴会,,,,MystSA,,-,-,Restart,,-,-,,,,,ZirconiA,,-,宴会,ー麒麟ー,,統一,宴会,一惡人谷一,,-,-,ーArchー,,統一,-,亗Luxúria亗,,-,-,,,,,,
137,2025-12-27,土,,,,,,,,,,,,,,,,,,,,,,,,,,,,,,,,,,,,,,,,,,,,
138,2025-12-28,日,沙漠黑鷹,,,,,,氣噗噗讓玻璃心碎一地,,,,PONYTAIL,,,,,,,,SkyCastle,,,,UnityJP,,,,ーEspoirー,,,,義勇,,,,Revenant,,,,,,,,,
139,2025-12-29,月,雲淡風輕o,,宴会,雪狼族,,,柿一門,,統一,-,ーリベリオンー,,-,-,TheUniverse,,-,-,RëBîrth,,統一,宴会,彡MukBANG彡,,-,-,LeLien,,-,-,FLORISTS,,統一,-,C0BRA,,統一,-,,,,,,
140,2025-12-30,火,,,,,,,,,,,,,,,,,,,,,,,,,,,,,,,,,,,,,,,,,,,,
141,2025-12-31,水,,,,,,,,,,,,,,,,,,,,,,,,,,,,,,,,,,,,,,,,,,,,
142,2026-01-01,木,TheUniverse,,-,,,,UnityJP,,-,-,ーArchー,,-,-,Maverickz,,-,-,Иouver,,統一,-,xAEGISx,,-,-,βυsнỉȉdo家族,,統一,宴会,海洋之心,,-,-,PhoenixJP,,-,-,,,,,,
143,2026-01-02,金,・殺戮・,,-,,,,VainqueurJP,,-,宴会,TRAITORs,,-,-,,,,,オアシスステップ,,-,宴会,xAEGISx,,統一,-,一惡人谷一,,-,-,微笑Party,,-,-,亗Luxúria亗,,-,-,,,,,,
144,2026-01-03,土,,,,,,,,,,,,,,,,,,,,,,,,,,,,,,,,,,,,,,,,,,,,
145,2026-01-04,日,沙漠黑鷹,,-,,,,AlmaVivaJP,,-,宴会,TRAITORs,,-,宴会,,,,,SkyCastle,,-,-,PhoenixJP,,-,宴会,微笑Party,,統一,宴会,義勇,,-,宴会,黄昏のえりしおん,,-,-,,,,,,
146,2026-01-05,月,PONYTAIL,,-,雪狼族,,,柿一門,,-,-,VainqueurJP,,-,宴会,MystSA,,-,宴会,ZirconiA,,-,-,美奚冰室,,統一,-,LeLien,,-,-,ー麒麟ー,,-,宴会,Restart,,-,宴会,,,,,,
147,2026-01-06,火,,,,,,,,,,,,,,,,,,,,,,,,,,,,,,,,,,,,,,,,,,,,
148,2026-01-07,水,,,,,,,,,,,,,,,,,,,,,,,,,,,,,,,,,,,,,,,,,,,,
149,2026-01-08,木,TheUniverse,,宴会,,,,ーリベリオンー,,統一,-,桜吹雪,,-,宴会,VainqueurJP,,-,-,Bagaиі,,-,-,xAEGISx,,統一,-,βυsнỉȉdo家族,,-,-,毛家村,,-,-,Revenant,,-,宴会,,,,,,
150,2026-01-09,金,・殺戮・,,宴会,,,,VainqueurJP,,-,-,PhoenixJP,,-,-,,,,,オアシスステップ,,-,-,ーEspoirー,,-,-,一惡人谷一,,統一,-,Döraêmön,,統一,-,亗Luxúria亗,,統一,-,,,,,,
151,2026-01-10,土,,,,,,,,,,,,,,,,,,,,,,,,,,,,,,,,,,,,,,,,,,,,
152,2026-01-11,日,沙漠黑鷹,,-,,,,氣噗噗讓玻璃心碎一地,,-,-,TRAITORs,,-,-,,,,,SkyCastle,,-,宴会,UnityJP,,-,-,Restart,,-,-,ZirconiA,,統一,-,Revenant,,統一,-,,,,,,
153,2026-01-12,月,PONYTAIL,,宴会,,,-,PokemonGo,,-,宴会,VainqueurJP,,-,-,MystSA,,-,-,黒の太陽,,-,-,Restart,,-,宴会,Maverickz,,統一,宴会,シェイド,,-,-,彡MukBANG彡,,統一,-,,,,,,
154,2026-01-13,火,,,,,,,,,,,,,,,,,,,,,,,,,,,,,,,,,,,,,,,,,,,,
155,2026-01-14,水,,,,,,,,,,,,,,,,,,,,,,,,,,,,,,,,,,,,,,,,,,,,
156,2026-01-15,木,PONYTAIL,,-,,,,UnityJP,,-,宴会,柿一門,,-,-,VainqueurJP,,-,宴会,C0BRA,,統一,宴会,ーArchー,,-,-,βυsнỉȉdo家族,,-,-,雲淡風輕o,,統一,宴会,Döraêmön,,-,-,,,,,,
157,2026-01-16,金,・殺戮・,,-,,,,VainqueurJP,,-,-,PhoenixJP,,-,-,,,,,桜吹雪,,統一,-,ーArchー,,-,宴会,一惡人谷一,,-,-,TheUniverse,,-,-,xAEGISx,,-,-,,,,,,
158,2026-01-17,土,,,,,,,,,,,,,,,,,,,,,,,,,,,,,,,,,,,,,,,,,,,,
159,2026-01-18,日,沙漠黑鷹,,宴会,,,,AlmaVivaJP,,-,-,Maverickz,,統一,-,,,,,微笑Party,,統一,-,亗Luxúria亗,,統一,-,Restart,,-,-,桜吹雪,,-,-,黒の太陽,,-,宴会,,,,,,
160,2026-01-19,月,Maverickz,,-,・殺戮・,,宴会,PokemonGo,,-,-,UnityJP,,-,-,MystSA,,-,-,Иouver,,統一,-,美孚冰室,,統一,-,Etërnîty,,-,-,シェイド,,-,-,彡MukBANG彡,,-,宴会,,,,,,
161,2026-01-20,火,,,,,,,,,,,,,,,,,,,,,,,,,,,,,,,,,,,,,,,,,,,,
162,2026-01-21,水,,,,,,,,,,,,,,,,,,,,,,,,,,,,,,,,,,,,,,,,,,,,
163,2026-01-22,木,PONYTAIL,,宴会,,,,シェイド,,-,-,柿一門,,-,-,TRAITORs,,-,-,Revenant,,-,-,毛家村,,-,-,βυsнỉȉdo家族,,統一,宴会,SkyCastle,,-,-,Döraêmön,,統一,-,,,,,,
164,2026-01-23,金,雪狼族,,-,,,,雲淡風輕o,,-,-,PhoenixJP,,統一,宴会,,,,,LeLien,,-,宴会,Restart,,-,-,一惡人谷一,,統一,-,TheUniverse,,-,宴会,Sangsaka,,統一,宴会,,,,,,
165,2026-01-24,土,,,,,,,,,,,,,,,,,,,,,,,,,,,,,,,,,,,,,,,,,,,,
166,2026-01-25,日,沙漠黑鷹,,-,,,,氣噗噗讓玻璃心碎一地,,-,宴会,MystSA,,-,宴会,,,,,SkyCastle,,-,宴会,xAEGISx,,-,-,Restart,,-,-,LeLien,,-,-,Revenant,,統一,-,,,,,,
167,2026-01-26,月,Maverickz,,-,雪狼族,,-,PokemonGo,,-,-,Restart,,-,-,TheUniverse,,-,-,Kopitiam,,-,-,FLORISTS,,-,宴会,Etërnîty,,統一,-,ーEspoirー,,統一,宴会,βυsнỉȉdo家族,,-,-,,,,,,
168,2026-01-27,火,,,,,,,,,,,,,,,,,,,,,,,,,,,,,,,,,,,,,,,,,,,,
169,2026-01-28,水,,,,,,,,,,,,,,,,,,,,,,,,,,,,,,,,,,,,,,,,,,,,
170,2026-01-29,木,PONYTAIL,,-,,,,xAEGISx,,-,-,義勇,,統一,宴会,TRAITORs,,-,-,SanctaTerra,,-,宴会,Demise,,統一,-,ーEspoirー,,-,-,亗Luxúria亗,,統一,-,Döraêmön,,-,-,,,,,,
171,2026-01-30,金,・殺戮・,,宴会,,,,東京熱株式會社,,-,宴会,PhoenixJP,,-,-,,,,,LeLien,,-,-,黄昏のえりしおん,,統一,宴会,一惡人谷一,,-,-,一SUN一,,統一,-,彡MukBANG彡,,-,-,,,,,,
172,2026-01-31,土,,,,,,,,,,,,,,,,,,,,,,,,,,,,,,,,,,,,,,,,,,,,
173,2026-02-01,日,沙漠黑鷹,,宴会,,,,氣噗噗讓玻璃心碎一地,,-,-,TRAITORs,,-,-,,,,,SkyCastle,,-,-,UnityJP,,-,-,ーArchー,,-,-,オアシスステップ,,統一,宴会,RëBîrth,,-,-,,,,,,
174,2026-02-02,月,PONYTAIL,,宴会,雪狼族,,宴会,MystSA,,,宴会,VainqueurJP,,-,-,xAEGISx,,統一,宴会,Revenant,,-,-,微笑Party,,-,-,Döraêmön,,-,宴会,ー麒麟ー,,-,-,亗Luxúria亗,,統一,-,,,,,,
175,2026-02-03,火,,,,,,,,,,,,,,,,,,,,,,,,,,,,,,,,,,,,,,,,,,,,
176,2026-02-04,水,,,,,,,,,,,,,,,,,,,,,,,,,,,,,,,,,,,,,,,,,,,,
177,2026-02-05,木,PONYTAIL,,-,,,,UnityJP,,-,宴会,柿一門,,-,-,TRAITORs,,-,-,ムpocalype,,統一,-,Demise,,-,宴会,FLORISTS,,統一,-,βυsнỉȉdo家族,,-,-,TheUniverse,,-,宴会,,,,,,
178,2026-02-06,金,・殺戮・,,-,,,,Maverickz,,-,-,TRAITORs,,-,-,,,,,義勇,,統一,-,オアシスステップ,,-,-,一惡人谷一,,-,-,TheUniverse,,-,宴会,Etërnîty,,-,宴会,,,,,,
179,2026-02-07,土,,,,,,,,,,,,,,,,,,,,,,,,,,,,,,,,,,,,,,,,,,,,
180,2026-02-08,日,沙漠黑鷹,,-,,,,AlmaVivaJP,,-,-,TRAITORs,,-,-,,,,,美孚冰室,,統一,宴会,シェイド,,統一,-,オアシスステップ,,-,-,黒の太陽,,-,-,Revenant,,統一,-,,,,,,
181,2026-02-09,月,TRAITORs,,-,雪狼族,,-,MystSA,,-,-,ーArchー,,-,-,TheUniverse,,-,-,ーEspoirー,,-,宴会,微笑Party,,統一,-,氣噗噗讓玻璃心碎一地,,-,-,ーリベリオンー,,-,宴会,亗Luxúria亗,,-,宴会,,,,,,
182,2026-02-10,火,,,,,,,,,,,,,,,,,,,,,,,,,,,,,,,,,,,,,,,,,,,,
183,2026-02-11,水,,,,,,,,,,,,,,,,,,,,,,,,,,,,,,,,,,,,,,,,,,,,
184,2026-02-12,木,RaиkSS,,宴会,,,,黄昏のえりしおん,,-,-,黒の太陽,,-,-,Döraêmön,,統一,-,Restart,,-,宴会,xAEGISx,,統一,-,SkyCastle,,-,-,βυsнỉȉdo家族,,-,-,神聖堂,,-,-,,,,,,
185,2026-02-13,金,・殺戮・,,宴会,,,,PhoenixJP,,-,-,TheUniverse,,-,宴会,,,,,義勇,,-,-,オアシスステップ,,-,宴会,一惡人谷一,,統一,-,一SUN一,,統一,-,桜吹雪,,統一,-,,,,,,
186,2026-02-14,土,,,,,,,,,,,,,,,,,,,,,,,,,,,,,,,,,,,,,,,AlmaVivaJP,,,TRAITORs,,
187,2026-02-15,日,沙漠黑鷹,,-,,,,VainqueurJP,,-,-,Maverickz,,-,-,,,,,SkyCastle,,-,-,UnityJP,,-,-,kaioken,,統一,-,義勇,,統一,-,ZirconiA,,-,宴会,,,,,,
188,2026-02-16,月,PONYTAIL,,宴会,雪狼族,,-,UnityJP,,-,-,ーArchー,,-,-,雲淡風輕o,,-,-,柿一門,,統一,-,ーEspoirー,,-,宴会,氣噗噗讓玻璃心碎一地,,統一,-,シェイド,,統一,-,亗Luxúria亗,,-,-,,,,,,
189,2026-02-17,火,,,,,,,,,,,,,,,,,,,,,,,,,,,,,,,,,,,,,,,,,,,,
190,2026-02-18,水,,,,,,,,,,,,,,,,,,,,,,,,,",",,,,,,,,,,,,,,,,,,,
191,2026-02-19,木,RaиkSS,,-,,,,Restart,,-,-,LeLien,,-,宴会,MystSA,,-,-,ーEspoirー,,-,-,xAEGISx,,-,-,Bagaиі,,-,-,βυsнỉȉdo家族,,統一,-,一SUN一,,統一,宴会,,,,,,
192,2026-02-20,金,・殺戮・,,-,,,,PhoenixJP,,統一,-,TheUniverse,,-,-,,,,,ひよこりあ,,-,-,シェイド,,統一,-,一惡人谷一,,-,宴会,Иouver,,-,-,ーリベリオンー,,-,宴会,,,,,,
193,2026-02-21,土,,,,,,,,,,,,,,,,,,,,,,,,,,,,,,,,,,,,,,,RaиkSS,,,VainqueurJP,,
194,2026-02-22,日,沙漠黑鷹,,宴会,,,,AlmaVivaJP,,-,宴会,TRAITORs,,-,宴会,,,,,SkyCastle,,-,-,xAEGISx,,-,宴会,オアシスステップ,,-,宴会,黒の太陽,,-,-,Döraêmön,,統一,-,,,,,,
195,2026-02-23,月,PONYTAIL,,-,雪狼族,,,UnityJP,,-,-,シェイド,,統一,-,Maverickz,,-,-,Pandora,,-,宴会,ーEspoirー,,-,-,氣噗噗讓玻璃心碎一地,,-,-,ーリベリオンー,,-,-,ZirconiA,,統一,-,,,,,,
196,2026-02-24,火,,,,,,,,,,,,,,,,,,,,,,,,,,,,,,,,,,,,,,,,,,,,
197,2026-02-25,水,,,,,,,,,,,,,,,,,,,,,,,,,,,,,,,,,,,,,,,,,,,,
198,2026-02-26,木,PONYTAIL,,宴会,,,,Restart,,-,宴会,黄昏のえりしおん,,-,-,MystSA,,-,-,ーEspoirー,,統一,-,雲淡風輕o,,-,-,ムpocalypse,,統一,-,βυsнỉȉdo家族,,-,宴会,Döraêmön,,-,-,,,,,,
199,2026-02-27,金,・殺戮・,,-,,,,UnityJP,,-,宴会,TRAITORs,,-,-,,,,,ひよこりあ,,統一,宴会,ーArchー,,-,-,一惡人谷一,,-,-,一SUN一,,-,-,亗Luxúria亗,,-,-,,,,,,
200,2026-02-28,土,,,,,,,,,,,,,,,,,,,,,,,,,,,,,,,,,,,,,,,RaиkSS,,,TRAITORs,,
201,2026-03-01,日,沙漠黑鷹,,-,,,,AlmaVivaJP,,-,-,VainqueurJP,,-,-,,,,,SkyCastle,,統一,-,xAEGISx,,統一,-,微笑Party,,統一,-,義勇,,-,宴会,PokemonGo,,-,宴会,,,,,,
202,2026-03-02,月,常悪魔遇到殺手猫,,-,雪狼族,,-,UnityJP,,-,宴会,シェイド,,-,-,Maverickz,,-,宴会,Pandora,,-,-,SERENITY,,統一,宴会,氣噗噗讓玻璃心碎一地,,-,宴会,ーリベリオンー,,-,-,Döraêmön,,-,-,,,,,,
203,2026-03-03,火,,,,,,,,,,,,,,,,,,,,,,,,,,,,,,,,,,,,,,,,,,,,
204,2026-03-04,水,,,,,,,,,,,,,,,,,,,,,,,,,,,,,,,,,,,,,,,,,,,,
205,2026-03-05,木,PONYTAIL,,-,,,,オアシスステップ,,-,-,柿一門,,-,-,MystSA,,-,宴会,TheUniverse,,-,-,毛家村,,統一,宴会,C0BRA,,-,-,ーリベリオンー,,-,-,黒の太陽,,-,-,,,,,,
206,2026-03-06,金,・殺戮・,,宴会,,,,VainqueurJP,,-,-,柿一門,,-,-,,,,,ーEspoirー,,-,-,ーArchー,,-,-,kaioken,,統一,-,Revenant,,統一,宴会,亗Luxúria亗,,統一,-,,,,,,
207,2026-03-07,土,,,,,,,,,,,,,,,,,,,,,,,,,,,,,,,,,,,,,,,PONYTAIL,,,TRAITORs,,
208,2026-03-08,日,沙漠黑鷹,,宴会,,,,AlmaVivaJP,,統一,,雲淡風輕o,,-,-,,,,,SkyCastle,,-,-,黒の太陽,,-,宴会,ーリベリオンー,,-,宴会,ーEspoirー,,-,-,Revenant,,統一,-,,,,,,
209,2026-03-09,月,RaиkSS,,宴会,雪狼族,,宴会,PokemonGo,,統一,-,オアシスステップ,,-,-,MystSA,,-,-,RëBîrth,,統一,宴会,βυsнỉȉdo家族,,-,-,PhoenixJP,,-,-,一惡人谷一,,統一,-,Döraêmön,,統一,-,,,,,,
210,2026-03-10,火,,,,,,,,,,,,,,,,,,,,,,,,,,,,,,,,,,,,,,,,,,,,
211,2026-03-11,水,,,,,,,,,,,,,,,,,,,,,,,,,,,,,,,,,,,,,,,,,,,,
212,2026-03-12,木,Maverickz,,-,,,,ーArchー,,-,-,黄昏のえりしおん,,-,-,MystSA,,-,-,TheUniverse,,統一,-,毛家村,,-,-,Иouver,,統一,宴会,ーリベリオンー,,-,-,黒の太陽,,-,-,,,,,,
213,2026-03-13,金,・殺戮・,,-,,,,VainqueurJP,,-,-,PhoenixJP,,-,宴会,,,,,義勇,,-,宴会,シェイド,,統一,-,ーリベリオンー,,-,宴会,UnityJP,,-,-,xAEGISx,,-,宴会,,,,,,
214,2026-03-14,土,,,,,,,,,,,,,,,,,,,,,,,,,,,,,,,,,,,,,,,RaиkSS,,,MystSA,,
215,2026-03-15,日,沙漠黑鷹,,-,,,,AlmaVivaJP,,-,宴会,TRAITORs,,-,宴会,,,,,ーリベリオンー,,-,-,xAEGISx,,-,-,ムpocalypse,,統一,-,磯野家,,-,宴会,氣噗噗讓玻璃心碎一地,,-,-,,,,,,
216,2026-03-16,月,PONYTAIL,,-,,,-,PokemonGo,,-,-,UnityJP,,-,宴会,VainqueurJP,,-,-,Revenant,,-,-,βυsнỉȉdo家族,,統一,-,TheUniverse,,-,-,一惡人谷一,,-,-,ZirconiA,,-,宴会,,,,,,
217,2026-03-17,火,,,,,,,,,,,,,,,,,,,,,,,,,,,,,,,,,,,,,,,,,,,,
218,2026-03-18,水,,,,,,,,,,,,,,,,,,,,,,,,,,,,,,,,,,,,,,,,,,,,
219,2026-03-19,木,PONYTAIL,,宴会,,,,ーArchー,,-,-,黄昏のえりしおん,,-,宴会,VainqueurJP,,-,-,ーEspoirー,,-,宴会,Etërnîty,,統一,-,C0BRA,,-,-,Elements,,-,-,黒の太陽,,-,-,,,,,,
220,2026-03-20,金,・殺戮・,,宴会,,,,VainqueurJP,,-,宴会,TRAITORs,,-,-,,,,,ーEspoirー,,-,-,シェイド,,-,宴会,柿一門,,統一,-,xAEGISx,,統一,-,放置無言出入自由,,統一,-,,,,,,
221,2026-03-21,土,,,,,,,,,,,,,,,,,,,,,,,,,,,,,,,,,,,,,,,VainqueurJP,,,TRAITORs,,
222,2026-03-22,日,沙漠黑鷹,,-,,,,AlmaVivaJP,,-,-,Döraêmön,,統一,-,,,,,ーリベリオンー,,-,宴会,黒の太陽,,-,宴会,一DEFlANCE,,-,宴会,磯野家,,統一,-,氣噗噗讓玻璃心碎一地,,統一,-,,,,,,
223,2026-03-23,月,RaиkSS,,宴会,雪狼族,,-,PokemonGo,,-,-,UnityJP,,-,-,MystSA,,-,宴会,Pandora,,-,-,ーリベリオンー,,-,-,xAEGISx,,統一,宴会,PhoenixJP,,-,宴会,Outlaws,,統一,-,,,,,,
224,2026-03-24,火,,,,,,,,,,,,,,,,,,,,,,,,,,,,,,,,,,,,,,,,,,,,
225,2026-03-25,水,,,,,,,,,,,,,,,,,,,,,,,,,,,,,,,,,,,,,,,,,,,,
226,2026-03-26,木,PONYTAIL,,-,,,,シェイド,,統一,宴会,xAEGISx,,-,-,PhoenixJP,,-,宴会,ーEspoirー,,統一,-,一惡人谷一,,-,宴会,Kopitiam,,-,-,kaioken,,統一,-,黒の太陽,,-,宴会,,,,,,
227,2026-03-27,金,・殺戮・,,-,,,,UnityJP,,統一,-,FLORISTS,,-,-,,,,,TheEnd,,統一,-,ーArchー,,-,-,ーリベリオンー,,-,-,黒の太陽,,-,宴会,放置無言出入自由,,-,-,,,,,,
228,2026-03-28,土,,,,,,,,,,,,,,,,,,,,,,,,,,,,,,,,,,,,,,,AlmaVivaJP,,,TRAITORs,,
229,2026-03-29,日,沙漠黑鷹,,宴会,,,,VainqueurJP,,-,-,xAEGISx,,-,-,,,,,亗Luxúria亗,,統一,-,海尼根飲酒俱樂部,,統一,-,ーリベリオンー,,-,-,柿一門,,-,-,Restart,,-,宴会,,,,,,
230,2026-03-30,月,RaиkSS,,-,雪狼族,,宴会,VainqueurJP,,-,宴会,xAEGISx,,-,-,MystSA,,-,-,Revenant,,統一,宴会,βυsнỉȉdo家族,,-,-,氣噗噗讓玻璃心碎一地,,-,-,ーArchー,,統一,-,TheUniverse,,-,-,,,,,,
231,2026-03-31,火,,,,,,,,,,,,,,,,,,,,,,,,,,,,,,,,,,,,,,,,,,,,
232,2026-04-01,水,,,,,,,,,,,,,,,,,,,,,,,,,,,,,,,,,,,,,,,,,,,,
233,2026-04-02,木,PONYTAIL,,宴会,,,,ーArchー,,-,-,磯野家,,-,-,VainqueurJP,,-,-,ーEspoirー,,-,宴会,一惡人谷一,,-,-,Kopitiam,,統一,-,一DEFlANCE,,-,宴会,Döraêmön,,-,-,,,,,,
234,2026-04-03,金,・殺戮・,,-,,,,UnityJP,,統一,-,PhoenixJP,,-,宴会,,,,,ひよこりあ,,-,宴会,心晴,,統一,-,ーリベリオンー,,-,宴会,亗Luxúria亗,,統一,-,Restart,,-,-,,,,,,
235,2026-04-04,土,,,,,,,,,,,,,,,,,,,,,,,,,,,,,,,,,,,,,,,AlmaVivaJP,,,TRAITORs,,
236,2026-04-05,日,沙漠黑鷹,,-,,,,VainqueurJP,,-,-,xAEGISx,,-,宴会,,,,,海洋之心,,-,-,黒の太陽,,-,-,Elements,,統一,-,オアシスステップ,,-,宴会,Revenant,,統一,-,,,,,,
237,2026-04-06,月,RaиkSS,,-,雪狼族,,-,VainqueurJP,,-,-,ーArchー,,-,宴会,MystSA,,-,-,ーEspoirー,,-,-,βυsнỉȉdo家族,,-,-,氣噗噗讓玻璃心碎一地,,統一,宴会,ーリベリオンー,,-,宴会,TheUniverse,,統一,-,,,,,,
238,2026-04-07,火,,,,,,,,,,,,,,,,,,,,,,,,,,,,,,,,,,,,,,,,,,,,
239,2026-04-08,水,,,,,,,,,,,,,,,,,,,,,,,,,,,,,,,,,,,,,,,,,,,,
240,2026-04-09,木,PONYTAIL,,-,,,,ーArchー,,-,-,柿一門,,-,-,Иouver,,-,-,C0BRA,,統一,-,一惡人谷一,,-,-,Kopitiam,,-,宴会,一DEFlANCE,,統一,-,PokemonGo,,-,-,,,,,,
241,2026-04-10,金,・殺戮・,,宴会,,,,UnityJP,,-,宴会,PhoenixJP,,-,-,,,,,のら猫,,統一,-,オアシスステップ,,-,宴会,ーリベリオンー,,-,-,亗Luxúria亗,,-,-,Pandora,,-,宴会,,,,,,
242,2026-04-11,土,,,,,,,,,,,,,,,,,,,,,,,,,,,,,,,,,,,,,,,PhoenixJP,,,RaиkSS,,
243,2026-04-12,日,沙漠黑鷹,,宴会,,,,AlmaVivaJP,,統一,-,TRAITORs,,-,-,,,,,微笑Party,,統一,-,シェイド,,統一,-,オアシスステップ,,-,-,黄昏のえりしおん,,-,-,Restart,,-,宴会,,,,,,
244,2026-04-13,月,常悪魔遇到殺手猫,,宴会,雪狼族,,宴会,VainqueurJP,,-,-,UnityJP,,-,-,MystSA,,統一,宴会,Pandora,,-,-,βυsнỉȉdo家族,,統一,宴会,氣噗噗讓玻璃心碎一地,,-,-,シェイド,,-,-,TheUniverse,,-,-,,,,,,
245,2026-04-14,火,,,,,,,,,,,,,,,,,,,,,,,,,,,,,,,,,,,,,,,,,,,,
246,2026-04-15,水,,,,,,,,,,,,,,,,,,,,,,,,,,,,,,,,,,,,,,,,,,,,
247,2026-04-16,木,PONYTAIL,,-,,,,FLORISTS,,-,-,義勇,,-,宴会,Döraêmön,,,,Maverickz,,-,宴会,xAEGISx,,統一,-,Kopitiam,,-,-,ーリベリオンー,,-,-,PokemonGo,,-,宴会,,,,,,
248,2026-04-17,金,・殺戮・,,-,,,,Maverickz,,-,-,TRAITORs,,-,-,,,,,柿一門,,-,宴会,ーArchー,,-,-,ムpocalypse,,統一,-,亗Luxúria亗,,統一,-,Elements,,統一,-,,,,,,
249,2026-04-18,土,,,,,,,,,,,,,,,,,,,,,,,,,,,,,,,,,,,,,,,VainqueurJP,,,RaиkSS,,
250,2026-04-19,日,沙漠黑鷹,,-,,,,AlmaVivaJP,,-,-,TRAITORs,,-,-,,,,,ーリベリオンー,,-,-,シェイド,,-,宴会,オアシスステップ,,-,宴会,心晴,,統一,-,Restart,,統一,-,,,,,,
251,2026-04-20,月,常悪魔遇到殺手猫,,-,雪狼族,,-,黒の太陽,,-,宴会,xAEGISx,,統一,-,MystSA,,-,-,Pandora,,-,宴会,βυsнỉȉdo家族,,-,-,氣噗噗讓玻璃心碎一地,,-,-,一惡人谷一,,-,宴会,Revenant,,統一,宴会,,,,,,
252,2026-04-21,火,,,,,,,,,,,,,,,,,,,,,,,,,,,,,,,,,,,,,,,,,,,,
253,2026-04-22,水,,,,,,,,,,,,,,,,,,,,,,,,,,,,,,,,,,,,,,,,,,,,
254,2026-04-23,木,PONYTAIL,,宴会,,,,FLORISTS,,-,宴会,義勇,,-,-,Döraêmön,,-,-,Elemento,,統一,-,一惡人谷一,,-,-,Kopitiam,,統一,宴会,ーリベリオンー,,-,-,PokemonGo,,-,-,,,,,,
255,2026-04-24,金,・殺戮・,,宴会,,,,PhoenixJP,,-,-,TRAITORs,,-,宴会,,,,,のら猫,,統一,-,UnityJP,,-,-,C0BRA,,-,-,TheUniverse,,-,宴会,微笑Party,,-,-,,,,,,
256,2026-04-25,土,,,,,,,,,,,,,,,,,,,,,,,,,,,,,,,,,,,,,,,AlmaVivaJP,,,RaиkSS,,
257,2026-04-26,日,沙漠黑鷹,,-,,,,VainqueurJP,,-,-,TRAITORs,,-,-,,,,,亗Luxúria亗,,統一,宴会,一SUN一,,統一,-,ーArchー,,統一,-,心晴,,-,-,Maverickz,,-,-,,,,,,
258,2026-04-27,月,常悪魔遇到殺手猫,,宴会,雪狼族,,-,Maverickz,,-,-,xAEGISx,,-,-,MystSA,,-,-,Pandora,,-,-,βυsнỉȉdo家族,,統一,-,UnityJP,,-,宴会,ーリベリオンー,,-,-,C0BRA,,-,-,,,,,,
259,2026-04-28,火,,,,,,,,,,,,,,,,,,,,,,,,,,,,,,,,,,,,,,,,,,,,
260,2026-04-29,水,,,,,,,,,,,,,,,,,,,,,,,,,,,,,,,,,,,,,,,,,,,,
261,2026-04-30,木,PONYTAIL,,-,,,,黒の太陽,,-,-,義勇,,統一,-,Döraêmön,,-,-,MÏRÃGË,,-,-,Etërnîty,,統一,宴会,Kopitiam,,-,-,ーリベリオンー,,-,宴会,PokemonGo,,-,-,,,,,,
262,2026-05-01,金,・殺戮・,,-,,,,UnityJP,,-,宴会,TRAITORs,,-,-,,,,,Restart,,-,-,シェイド,,-,宴会,Иouver,,統一,-,Revenant,,統一,-,美孚冰室,,統一,-,,,,,,
263,2026-05-02,土,,,,,,,,,,,,,,,,,,,,,,,,,,,,,,,,,,,,,,,AlmaVivaJP,,,PhoenixJP,,
264,2026-05-03,日,沙漠黑鷹,,宴会,,,,VainqueurJP,,-,宴会,TRAITORs,,-,宴会,,,,,亗Luxúria亗,,-,-,微笑Party,,-,-,ーArchー,,-,-,オアシスステップ,,統一,-,Revenant,,統一,宴会,,,,,,
265,2026-05-04,月,PONYTAIL,,-,雪狼族,,宴会,Döraêmön,,-,-,xAEGISx,,-,宴会,RaиkSS,,-,宴会,Pandora,,-,-,Kopitiam,,-,宴会,一DEFlANCE,,統一,-,Restart,,-,-,ムpocalypse,,統一,-,,,,,,
266,2026-05-05,火,,,,,,,,,,,,,,,,,,,,,,,,,,,,,,,,,,,,,,,,,,,,
267,2026-05-06,水,,,,,,,,,,,,,,,,,,,,,,,,,,,,,,,,,,,,,,,,,,,,
268,2026-05-07,木,雲淡風輕o,,宴会,,,,黒の太陽,,-,-,黄昏のえりしおん,,-,宴会,MystSA,,-,-,MÏRÃGË,,-,-,Etërnîty,,-,-,βυsнỉȉdo家族,,-,-,シェイド,,統一,-,PokemonGo,,統一,宴会,,,,,,
269,2026-05-08,金,・殺戮・,,-,,,,UnityJP,,-,-,xAEGISx,,統一,-,,,,,桜吹雪,,統一,-,シェイド,,-,-,ーリベリオンー,,-,宴会,FLORISTS,,-,-,美孚冰室,,-,宴会,,,,,,
270,2026-05-09,土,,,,,,,,,,,,,,,,,,,,,,,,,,,,,,,,,,,,,,,AlmaVivaJP,,,VainqueurJP,,
271,2026-05-10,日,沙漠黑鷹,,-,,,,xAEGISx,,-,-,TRAITORs,,-,-,,,,,亗Luxúria亗,,統一,宴会,シェイド,,統一,宴会,一惡人谷一,,-,-,オアシスステップ,,-,-,Revenant,,-,-,,,,,,
272,2026-05-11,月,PONYTAIL,,-,雪狼族,,-,MystSA,,-,宴会,PhoenixJP,,-,-,RaиkSS,,-,-,RëBîrth,,統一,-,ーリベリオンー,,-,-,Maverickz,,-,-,シェイド,,統一,-,C0BRA,,-,宴会,,,,,,
273,2026-05-12,火,,,,,,,,,,,,,,,,,,,,,,,,,,,,,,,,,,,,,,,,,,,,
274,2026-05-13,水,,,,,,,,,,,,,,,,,,,,,,,,,,,,,,,,,,,,,,,,,,,,
275,2026-05-14,木,Иouver,,-,,,,黒の太陽,,-,宴会,柿一門,,-,-,RaиkSS,,-,宴会,ZirconiA,,統一,-,一DEFlANCE,,-,宴会,Kopitiam,,統一,-,SERENITY,,-,宴会,Maverickz,,-,-,,,,,,
276,2026-05-15,金,・殺戮・,,宴会,,,,UnityJP,,-,-,TRAITORs,,-,-,,,,,ーEspoirー,,-,-,シェイド,,統一,-,ーリベリオンー,,-,-,FLORISTS,,-,宴会,微笑Party,,統一,-,,,,,,
277,2026-05-16,土,,,,,,,,,,,,,,,,,,,,,,,,,,,,,,,,,,,,,,,RaиkSS,,,VainqueurJP,,
278,2026-05-17,日,沙漠黑鷹,,宴会,,,,AlmaVivaJP,,-,-,Döraêmön,,統一,-,,,,,亗Luxúria亗,,-,-,ーリベリオンー,,-,-,一惡人谷一,,統一,宴会,義勇,,-,宴会,Restart,,-,-,,,,,,
279,2026-05-18,月,PONYTAIL,,宴会,雪狼族,,宴会,MystSA,,統一,-,黒の太陽,,-,-,Döraêmön,,-,-,RëBîrth,,-,-,βυsнỉȉdo家族,,統一,-,xAEGISx,,-,宴会,FLORISTS,,-,-,Revenant,,-,-,,,,,,
280,2026-05-19,火,,,,,,,,,,,,,,,,,,,,,,,,,,,,,,,,,,,,,,,,,,,,
281,2026-05-20,水,,,,,,,,,,,,,,,,,,,,,,,,,,,,,,,,,,,,,,,,,,,,
282,2026-05-21,木,PONYTAIL,,-,,,,PhoenixJP,,-,-,氣噗噗讓玻璃心碎一地,,-,-,微笑Party,,,,ーEspoirー,,-,宴会,低調時尚,,統一,-,Kopitiam,,-,宴会,Elemento,,統一,-,ーArchー,,-,-,,,,,,
283,2026-05-22,金,・殺戮・,,-,,,,UnityJP,,-,-,TRAITORs,,-,宴会,,,,,月下の集い,,-,宴会,シェイド,,-,-,Elemento,,統一,-,Maverickz,,統一,-,柿一門,,-,宴会,,,,,,
284,2026-05-23,土,,,,,,,,,,,,,,,,,,,,,,,,,,,,,,,,,,,,,,,RaиkSS,,,TRAITORs,,
285,2026-05-24,日,沙漠黑鷹,,-,,,,AlmaVivaJP,,-,宴会,VainqueurJP,,-,宴会,,,,,亗Luxúria亗,,-,宴会,xAEGISx,,-,-,一惡人谷一,,-,-,オアシスステップ,,統一,-,Revenant,,統一,-,,,,,,
286,2026-05-25,月,常悪魔遇到手猫,,-,雪狼族,,-,氣噗噗讓玻璃心碎一地,,-,-,UnityJP,,-,-,Döraêmön,,-,宴会,義勇,,-,宴会,FLORISTS,,-,-,Иouver,,統一,-,ーArchー,,-,宴会,MÏRÃGË,,統一,-,,,,,,
287,2026-05-26,火,,,,,,,,,,,,,,,,,,,,,,,,,,,,,,,,,,,,,,,,,,,,
288,2026-05-27,水,,,,,,,,,,,,,,,,,,,,,,,,,,,,,,,,,,,,,,,,,,,,
289,2026-05-28,木,PONYTAIL,,宴会,,,,シェイド,,統一,-,PokemonGo,,-,宴会,美孚冰室,,-,-,C0BRA,,統一,-,低調時尚,,-,-,Kopitiam,,-,-,Orzeca,,-,-,ーArchー,,-,宴会,,,,,,
290,2026-05-29,金,・殺戮・,,宴会,,,,VainqueurJP,,-,宴会,PhoenixJP,,-,-,,,,,義勇,,統一,-,FLORISTS,,統一,宴会,ーリベリオンー,,-,-,ーArchー,,-,-,柿一門,,-,-,,,,,,
291,2026-05-30,土,,,,,,,,,,,,,,,,,,,,,,,,,,,,,,,,,,,,,,,VainqueurJP,,,TRAITORs,,
292,2026-05-31,日,沙漠黑鷹,,-,,,,AlmaVivaJP,,-,-,RaиkSS,,-,-,,,,,亗Luxúria亗,,統一,-,xAEGISx,,統一,-,一惡人谷一,,-,宴会,Restart,,-,-,Revenant,,-,宴会,,,,,,
293,2026-06-01,月,RaиkSS,,宴会,雪狼族,,,氣噗噗讓玻璃心碎一地,,-,-,シェイド,,-,宴会,MystSA,,-,-,柿一門,,統一,-,βυsнỉȉdo家族,,統一,宴会,ーリベリオンー,,-,-,ーEspoirー,,-,-,Restart,,-,宴会,,,,,,
294,2026-06-02,火,,,,,,,,,,,,,,,,,,,,,,,,,,,,,,,,,,,,,,,,,,,,
295,2026-06-03,水,,,,,,,,,,,,,,,,,,,,,,,,,,,,,,,,,,,,,,,,,,,,
296,2026-06-04,木,PONYTAIL,,-,,,,黄昏のえりしおん,,-,宴会,PokemonGo,,-,-,Döraêmön,,-,宴会,柿一門,,-,-,xAEGISx,,-,宴会,Kopitiam,,統一,-,Orzeca,,-,宴会,ーArchー,,統一,-,,,,,,
297,2026-06-05,金,・殺戮・,,-,,,,UnityJP,,-,-,PhoenixJP,,-,-,,,,,義勇,,-,-,FLORISTS,,-,-,ZirconiA,,統一,宴会,ーArchー,,-,-,Elemento,,統一,-,,,,,,
298,2026-06-06,土,,,,,,,,,,,,,,,,,,,,,,,,,,,,,,,,,,,,,,,AlmaVivaJP,,,TRAITORs,,
299,2026-06-07,日,沙漠黑鷹,,宴会,,,,xAEGISx,,統一,-,VainqueurJP,,-,-,,,,,亗Luxúria亗,,-,宴会,黒の太陽,,-,-,一惡人谷一,,-,-,オアシスステップ,,-,-,低調時尚,,統一,-,,,,,,
300,2026-06-08,月,RaиkSS,,-,雪狼族,,宴会,UnityJP,,-,宴会,シェイド,,-,-,MystSA,,統一,-,Revenant,,-,-,βυsнỉȉdo家族,,-,-,ーリベリオンー,,統一,宴会,ー麒麟ー,,統一,-,Restart,,-,-,,,,,,
301,2026-06-09,火,,,,,,,,,,,,,,,,,,,,,,,,,,,,,,,,,,,,,,,,,,,,
302,2026-06-10,水,,,,,,,,,,,,,,,,,,,,,,,,,,,,,,,,,,,,,,,,,,,,
303,2026-06-11,木,PONYTAIL,,宴会,,,,黄昏のえりしおん,,-,-,PokemonGo,,-,-,Döraêmön,,-,-,Revenant,,-,-,Etërnîty,,統一,-,Kopitiam,,-,宴会,Orzeca,,統一,-,Maverickz,,-,-,,,,,,
304,2026-06-12,金,・殺戮・,,-,,,,氣噗噗讓玻璃心碎一地,,-,-,PhoenixJP,,-,宴会,,,,,義勇,,-,-,オアシスステップ,,統一,-,ZirconiA,,-,-,Maverickz,,統一,宴会,Restart,,-,宴会,,,,,,
305,2026-06-13,土,,,,,,,,,,,,,,,,,,,,,,,,,,,,,,,,,,,,,,,AlmaVivaJP,,,PONYTAIL,,
306,2026-06-14,日,沙漠黑鷹,,-,,,,TRAITORs,,-,-,VainqueurJP,,-,宴会,,,,,亗Luxúria亗,,-,-,ーリベリオンー,,-,宴会,一惡人谷一,,-,-,義勇,,統一,宴会,MÏRÃGË,,-,-,,,,,,
307,2026-06-15,月,RaиkSS,,-,雪狼族,,-,UnityJP,,-,-,PhoenixJP,,-,-,MystSA,,-,宴会,Revenant,,-,-,ーリベリオンー,,-,宴会,SERENITY,,-,-,FLORISTS,,-,宴会,Elemento,,統一,-,,,,,,
308,2026-06-16,火,,,,,,,,,,,,,,,,,,,,,,,,,,,,,,,,,,,,,,,,,,,,
309,2026-06-17,水,,,,,,,,,,,,,,,,,,,,,,,,,,,,,,,,,,,,,,,,,,,,
310,2026-06-18,木,RaиkSS,,-,,,,黄昏のえりしおん,,-,-,氣噗噗讓玻璃心碎一地,,-,宴会,Döraêmön,,-,-,微笑Party,,統一,宴会,ZirconiA,,-,-,Kopitiam,,統一,-,Orzeca,,-,-,Maverickz,,-,-,,,,,,
311,2026-06-19,金,・殺戮・,,宴会,,,,Maverickz,,統一,-,,,-,-,,,,,義勇,,統一,宴会,黒の太陽,,-,-,柿一門,,-,-,ーArchー,,-,-,Restart,,-,-,,,,,,
312,2026-06-20,土,,,,,,,,,,,,,,,,,,,,,,,,,,,,,,,,,,,,,,,AlmaVivaJP,,,PONYTAIL,,
313,2026-06-21,日,沙漠黑鷹,,宴会,,,,,,-,宴会,TRAITORs,,-,-,,,,,亗Luxúria亗,,統一,-,シェイド,,統一,-,Elemento,,統一,宴会,xAEGISx,,-,-,Revenant,,-,宴会,,,,,,
314,2026-06-22,月,RaиkSS,,宴会,雪狼族,,宴会,UnityJP,,-,-,ーArchー,,-,-,MystSA,,-,-,Revenant,,-,宴会,ムpocalypse,,統一,-,ZirconiA,,-,-,FLORISTS,,-,-,βυsнỉȉdo家族,,-,宴会,,,,,,
315,2026-06-23,火,,,,,,,,,,,,,,,,,,,,,,,,,,,,,,,,,,,,,,,,,,,,
316,2026-06-24,水,,,,,,,,,,,,,,,,,,,,,,,,,,,,,,,,,,,,,,,,,,,,
317,2026-06-25,木,RaиkSS,,-,,,,シェイド,,-,宴会,氣噗噗讓玻璃心碎一地,,-,-,PhoenixJP,,-,宴会,柿一門,,-,-,一惡人谷一,,-,-,Kopitiam,,-,-,Orzeca,,-,宴会,cobraXverse,,統一,宴会,,,,,,
318,2026-06-26,金,・殺戮・,,-,,,,Döraêmön,,-,宴会,美孚冰室,,統一,-,,,,,義勇,,-,-,xAEGISx,,-,宴会,一SUN一,,統一,-,,,統一,-,Restart,,統一,-,,,,,,
319,2026-06-27,土,,,,,,,,,,,,,,,,,,,,,,,,,,,,,,,,,,,,,,,AlmaVivaJP,,,PONYTAIL,,
320,2026-06-28,日,沙漠黑鷹,,-,,,,VainqueurJP,,-,-,TRAITORs,,-,-,,,,,亗Luxúria亗,,-,-,黒の太陽,,-,-,Elemento,,-,-,ー麒麟ー,,統一,宴会,Maverickz,,統一,-,,,,,,
321,2026-06-29,月,RaиkSS,,-,雪狼族,,-,UnityJP,,-,-,シェイド,,-,宴会,MystSA,,-,-,黄昏のえりしおん,,統一,-,ーリベリオンー,,-,-,xAEGISx,,統一,宴会,FLORISTS,,統一,-,Restart,,-,-,,,,,,
322,2026-06-30,火,,,,,,,,,,,,,,,,,,,,,,,,,,,,,,,,,,,,,,,,,,,,
323,2026-07-01,水,,,,,,,,,,,,,,,,,,,,,,,,,,,,,,,,,,,,,,,,,,,,
324,2026-07-02,木,RaиkSS,,宴会,,,,UnityJP,,-,-,義勇,,統一,-,PhoenixJP,,-,-,Revenant,,-,-,一惡人谷一,,統一,宴会,Kopitiam,,-,-,Orzeca,,統一,-,ーArchー,,-,-,,,,,,
325,2026-07-03,金,・殺戮・,,宴会,,,,UnityJP,,-,-,TRAITORs,,-,宴会,,,,,黄昏のえりしおん,,-,-,オアシスステップ,,統一,-,一SUN一,,-,宴会,cobraXverse,,-,-,柿一門,,-,宴会,,,,,,
326,2026-07-04,土,,,,,,,,,,,,,,,,,,,,,,,,,,,,,,,,,,,,,,,AlmaVivaJP,,,VainqueurJP,,
327,2026-07-05,日,沙漠黑鷹,,-,,,,海洋之心,,-,-,TRAITORs,,-,宴会,,,,,亗Luxúria亗,,統一,-,黒の太陽,,-,宴会,ーリベリオンー,,-,宴会,ー麒麟ー,,-,-,Revenant,,-,-,,,,,,
328,2026-07-06,月,常悪魔遇到殺手猫,,宴会,雪狼族,,-,PONYTAIL,,-,宴会,微笑Party,,統一,-,MystSA,,-,-,RëBîrth,,-,-,ZirconiA,,-,宴会,ーリベリオンー,,-,-,FLORISTS,,-,宴会,Elemento,,統一,-,,,,,,
329,2026-07-07,火,,,,,,,,,,,,,,,,,,,,,,,,,,,,,,,,,,,,,,,,,,,,
330,2026-07-08,水,,,,,,,,,,,,,,,,,,,,,,,,,,,,,,,,,,,,,,,,,,,,
331,2026-07-09,木,PONYTAIL,,-,,,,xAEGISx,,-,-,Pandora,,-,宴会,PhoenixJP,,-,-,ムpocalypse,,統一,宴会,一惡人谷一,,-,-,Kopitiam,,統一,宴会,Orzeca,,-,-,ーArchー,,-,-,,,,,,
332,2026-07-10,金,・殺戮・,,-,,,,UnityJP,,-,-,TRAITORs,,-,-,,,,,黄昏のえりしおん,,統一,-,シェイド,,-,-,Orzeca,,-,-,Döraêmön,,統一,-,Restart,,-,-,,,,,,
333,2026-07-11,土,,,,,,,,,,,,,,,,,,,,,,,,,,,,,,,,,,,,,,,AlmaVivaJP,,,TRAITORs,,
334,2026-07-12,日,沙漠黑鷹,,宴会,,,,毛家村,,-,宴会,RaиkSS,,-,-,,,,,亗Luxúria亗,,-,宴会,シェイド,,統一,-,オアシスステップ,,統一,-,ー麒麟ー,,-,-,Revenant,,統一,-,,,,,,
335,2026-07-13,月,常悪魔遇到殺手猫,,-,雪狼族,,宴会,PONYTAIL,,-,-,ーArchー,,-,-,RaиkSS,,-,宴会,Maverickz,,-,-,一SUN一,,統一,-,ーリベリオンー,,-,-,シェイド,,-,-,cobraXverse ,,-,宴会,,,,,,
336,2026-07-14,火,,,,,,,,,,,,,,,,,,,,,,,,,,,,,,,,,,,,,,,,,,,,
337,2026-07-15,水,,,,,,,,,,,,,,,,,,,,,,,,,,,,,,,,,,,,,,,,,,,,
338,2026-07-16,木,PONYTAIL,,宴会,,,,黒の太陽,,-,-,RaиkSS,,-,-,Döraêmön,,統一,宴会,柿一門,,-,-,一惡人谷一,,統一,-,Kopitiam,,-,-,ーリベリオンー,,-,宴会,PokemonGo,,-,宴会,,,,,,
339,2026-07-17,金,・殺戮・,,-,,,,VainqueurJP,,-,宴会,RaиkSS,,-,-,,,,,黄昏のえりしおん,,-,宴会,シェイド,,-,宴会,βυsнỉȉdo家族,,統一,-,Elemento,,統一,-,MelonEmpire,,統一,-,,,,,,
340,2026-07-18,土,,,,,,,,,,,,,,,,,,,,,,,,,,,,,,,,,,,,,,,AlmaVivaJP,,,MystSA,,
341,2026-07-19,日,・殺戮・,,-,,,,雲淡風輕o,,-,-,TRAITORs,,-,-,,,,,亗Luxúria亗,,,,SERENITY,,-,-,オアシスステップ,,-,-,ー麒麟ー,,統一,-,微笑Party,,-,宴会,,,,,,
342,2026-07-20,月,常悪魔遇到殺手猫,,-,雪狼族,,-,VainqueurJP,,-,-,PhoenixJP,,-,宴会,x,,-,-,ZirconiA,,統一,宴会,一SUN一,,-,-,氣噗噗讓玻璃心碎一地,,-,-,シェイド,,統一,-,MelonEmpire,,統一,-,,,,,,
343,2026-07-21,火,,,,,,,,,,,,,,,,,,,,,,,,,,,,,,,,,,,,,,,,,,,,
344,2026-07-22,水,,,,,,,,,,,,,,,,,,,,,,,,,,,,,,,,,,,,,,,,,,,,
345,2026-07-23,木,PONYTAIL,,-,,,,RaиkSS,,-,宴会,SERENITY,,-,-,Döraêmön,,-,-,柿一門,,統一,-,一惡人谷一,,-,宴会,Kopitiam,,統一,-,ーリベリオンー,,-,-,PokemonGo,,-,-,,,,,,
346,2026-07-24,金,沙漠黑鷹,,宴会,,,,UnityJP,,-,-,TRAITORs,,,,,,,,義勇,,-,-,FLORISTS,,統一,-,ZirconiA,,-,宴会,ーArchー,,-,-,柿一門,,-,宴会,,,,,,
347,2026-07-25,土,,,,,,,,,,,,,,,,,,,,,,,,,,,,,,,,,,,,,,,AlmaVivaJP,,,PONYTAIL,,
348,2026-07-26,日,・殺戮・,,宴会,,,,MystSA,,-,-,Revenant,,統一,宴会,,,,,亗Luxúria亗,,-,-,シェイド,,-,宴会,オアシスステップ,,統一,-,柿一門,,-,宴会,微笑Party,,-,-,,,,,,
349,2026-07-27,月,常悪魔遇到殺手猫,,宴会,雪狼族,,宴会,VainqueurJP,,統一,宴会,UnityJP,,-,-,微笑Party,,-,宴会,ZirconiA,,-,-,Orzeca,,統一,-,氣噗噗讓玻璃心碎一地,,-,宴会,シェイド,,-,宴会,Restart,,-,-,,,,,,
350,2026-07-28,火,,,,,,,,,,,,,,,,,,,,,,,,,,,,,,,,,,,,,,,,,,,,
351,2026-07-29,水,,,,,,,,,,,,,,,,,,,,,,,,,,,,,,,,,,,,,,,,,,,,
352,2026-07-30,木,VainqueurJP,,-,,,,RaиkSS,,-,-,義勇,,-,-,PhoenixJP,,-,-,柿一門,,-,宴会,xAEGISx,,統一,-,Kopitiam,,-,宴会,一SUN一,,-,-,PokemonGo,,-,-,,,,,,
353,2026-07-31,金,・殺戮・,,-,,,,UnityJP,,-,-,TRAITORs,,-,宴会,,,,,ーEspoirー,,-,-,FLORISTS,,-,-,,,統一,-,ーArchー,,統一,宴会,ムpocalypse,,統一,-,,,,,,
354,2026-08-01,土,,,,,,,,,,,,,,,,,,,,,,,,,,,,,,,,,,,,,,,AlmaVivaJP,,,PONYTAIL,,
355,2026-08-02,日,沙漠黑鷹,,-,,,,RaиkSS,,-,-,TRAITORs,,-,-,,,,,MelonEmpire,,-,-,黄昏のえりしおん,,-,-,オアシスステップ,,-,宴会,ーEspoirー,,統一,-,Elemento,,統一,-,,,,,,
356,2026-08-03,月,TRAITORs,,-,雪狼族,,-,Maverickz,,-,-,UnityJP,,-,-,,,-,-,,,-,-,,,-,宴会,,,統一,-,,,-,-,,,統一,-,,,,,,
357,2026-08-04,火,,,,,,,,,,,,,,,,,,,,,,,,,,,,,,,,,,,,,,,,,,,,
358,2026-08-05,水,,,,,,,,,,,,,,,,,,,,,,,,,,,,,,,,,,,,,,,,,,,,
359,2026-08-06,木,VainqueurJP,,宴会,,,,UnityJP,,-,-,RaиkSS,,-,宴会,PhoenixJP,,統一,-,Elemento,,統一,-,一惡人谷一,,-,-,Kopitiam,,-,-,一SUN一,,統一,宴会,PokemonGo,,-,宴会,,,,,,
360,2026-08-07,金,・殺戮・,,宴会,,,,Maverickz,,-,宴会,美孚冰室,,-,-,,,,,オアシスステップ,,統一,宴会,FLORISTS,,-,-,亗Luxúria亗,,-,-,ーArchー,,-,-,Restart,,-,-,,,,,,
361,2026-08-08,土,,,,,,,,,,,,,,,,,,,,,,,,,,,,,,,,,,,,,,,AlmaVivaJP,,,VainqueurJP,,
362,2026-08-09,日,沙漠黑鷹,,-,,,,RaиkSS,,-,宴会,海洋之心,,-,-,,,,,ムpocalypse,,統一,宴会,ーArchー,,統一,-,ーリベリオンー,,-,-,義勇,,-,-,黒の太陽,,-,宴会,,,,,,
363,2026-08-10,月,TRAITORs,,-,雪狼族,,-,PONYTAIL,,-,-,UnityJP,,-,-,微笑Party,,-,-,Revenant,,統一,-,Orzeca,,-,-,氣噗噗讓玻璃心碎一地,,-,-,黄昏のえりしおん,,統一,-,Kopitiam,,-,-,,,,,,
364,2026-08-11,火,,,,,,,,,,,,,,,,,,,,,,,,,,,,,,,,,,,,,,,,,,,,
365,2026-08-12,水,,,,,,,,,,,,,,,,,,,,,,,,,,,,,,,,,,,,,,,,,,,,
366,2026-08-13,木,RaиkSS,,-,,,,xAEGISx,,-,-,FLORISTS,,統一,-,PhoenixJP,,-,-,REGENCY彡,,-,-,一惡人谷一,,-,-,Kopitiam,,統一,-,一SUN一,,-,-,PokemonGo,,-,-,,,,,,
367,2026-08-14,金,・殺戮・,,-,,,,MystSA,,-,-,xAEGISx,,-,-,,,,,ZirconiA,,-,-,シェイド,,統一,-,亗Luxúria亗,,-,-,Döraêmön,,統一,-,Restart,,-,-,,,,,,
368,2026-08-15,土,,,,,,,,,,,,,,,,,,,,,,,,,,,,,,,,,,,,,,,AlmaVivaJP,,,VainqueurJP,,
369,2026-08-16,日,沙漠黑鷹,,-,,,,cobraXverse,,-,-,VainqueurJP,,-,-,,,,,MelonEmpire,,-,-,ーArchー,,-,-,Elemento,,統一,-,黄昏のえりしおん,,-,-,Revenant,,統一,-,,,,,,
370,2026-08-17,月,,,-,,,-,,,-,-,,,-,-,,,-,-,,,-,-,,,-,-,,,統一,-,,,-,-,,,統一,-,,,,,,
371,2026-08-18,火,,,,,,,,,,,,,,,,,,,,,,,,,,,,,,,,,,,,,,,,,,,,
372,2026-08-19,水,,,,,,,,,,,,,,,,,,,,,,,,,,,,,,,,,,,,,,,,,,,,
373,2026-08-20,木,,,-,,,,,,-,-,,,-,-,,,-,-,,,統一,-,,,-,-,,,-,-,,,統一,-,,,-,-,,,,,,
374,2026-08-21,金,,,-,,,,,,-,-,,,統一,-,,,,,,,統一,-,,,-,-,,,-,-,,,-,-,,,-,-,,,,,,
375,2026-08-22,土,,,,,,,,,,,,,,,,,,,,,,,,,,,,,,,,,,,,,,,,,,,,
376,2026-08-23,日,,,-,,,,,,-,-,,,-,-,,,,,,,統一,-,,,統一,-,,,-,-,,,-,-,,,-,-,,,,,,
